n_components,n_neighbors,min_dist,trustworthiness,continuity,normalized_stress,neighborhood_hit,shepard_diagram_correlation,aggregate,elapsed_time,metrics_time
1,5,0.0,0.9151392917924002,0.9517445704560731,0.9868382361339252,0.96,0.15864563493398035,0.5997382522097057,23.721718356013298,47.87245660502231
1,50,0.0,0.9005877679733421,0.9542904266121305,0.9789775255266294,0.997057142857143,0.20346655093141655,0.6152848725694806,30.247978476982098,50.49907056201482
1,500,0.0,0.8943564120532586,0.9540478083034195,0.97599011447804,0.9995428571428573,0.15876544846269003,0.6061444822968372,72.67196904000593,48.7805025469861
1,1000,0.0,0.8930114883514724,0.9529739499163365,0.9772959244967907,0.9998142857142857,0.1539431152324898,0.6044893829435587,108.99733636598103,47.016681283013895
2,5,0.0,0.9711807059193684,0.9636401298571285,0.9890249049624109,0.9667142857142859,0.22296272173240106,0.6270945876521546,18.315404615015723,46.66459221096011
2,50,0.0,0.9592342305107047,0.9587840967921857,0.9820702251956769,0.9983142857142858,0.1911547542849889,0.6250834284212976,30.246909496956505,46.638229564006906
2,500,0.0,0.9539914577463782,0.9525887762252764,0.9811684851341185,0.9998857142857143,0.14390511075281556,0.6138405147752133,71.30622278200462,47.13086456700694
2,1000,0.0,0.9529261344621941,0.9537473149035367,0.9810346801285158,0.9999142857142856,0.14366922474504337,0.6138444559393088,106.57274148298893,46.98455749102868
3,5,0.0,0.982841238219184,0.9691889764455186,0.9894311604286328,0.9693571428571429,0.23615709175857413,0.6336226577703574,18.29237031599041,46.87159830000019
3,50,0.0,0.9788645038113353,0.9572456344836463,0.9837994658293912,0.9984428571428573,0.16347760501041697,0.622846226923773,30.05658776697237,46.69438448199071
3,500,0.0,0.9750376013614976,0.9539704188893497,0.9797016850037261,0.9999,0.1359193028724122,0.6170251276239067,70.50392334000207,46.60647747601615
3,1000,0.0,0.9742514794845759,0.9533604565021524,0.9825670060606441,1.0,0.08272083650298911,0.6055531532858147,110.90914114902262,46.87150427396409
4,5,0.0,0.9843983882270497,0.9687266107003418,0.9895103640905457,0.9656857142857143,0.2450477809087852,0.6348696260062692,18.507417440006975,46.42262311803643
4,50,0.0,0.9798203566780601,0.9637534116099138,0.9828567890484241,0.9983142857142858,0.18037163419918842,0.6278805798306049,29.978660240012687,47.09476877999259
4,500,0.0,0.9771315847432176,0.9614691203180642,0.9816891697909677,0.9999,0.16274642802604544,0.623911592659272,73.23805557197193,46.51240601297468
4,1000,0.0,0.9771589462694679,0.9605253950774424,0.9803896016979271,0.9999142857142856,0.1497758416790403,0.6213969734084618,108.49335314601194,46.50043899100274
5,5,0.0,0.9843106731690574,0.9685533072093588,0.9896661109480275,0.971857142857143,0.20357586667725905,0.6277261757929582,18.275196170026902,46.91827685397584
5,50,0.0,0.9806313044348783,0.9631720707063485,0.9834683007726903,0.9983285714285713,0.1811760026496535,0.6279679296893523,31.24414516997058,46.48031715804245
5,500,0.0,0.9785583599101869,0.9636354704460621,0.9820798930889972,0.9999142857142856,0.20265489377023782,0.6325366233503551,72.27516450098483,46.60661422699923
5,1000,0.0,0.9780587717918282,0.9583508988458733,0.982158561047262,1.0,0.1415325637650726,0.6191567346711024,109.30876737600192,45.912469444971066
6,5,0.0,0.9839508416400898,0.9672686083263018,0.9897183584814843,0.9672142857142857,0.26081567533029026,0.6379062105058968,17.649937308044173,47.28728544502519
6,50,0.0,0.981281963016461,0.9634796747851208,0.9836136381807516,0.9983285714285713,0.1428658985449822,0.6204684939188767,30.653700075985398,46.443987046019174
6,500,0.0,0.9794436980678747,0.9589771019550076,0.9826693318867702,0.9999142857142856,0.1283239541239836,0.6167979415948763,70.76479093899252,46.503470480965916
6,1000,0.0,0.9790063155184989,0.9591416000457647,0.9819507905288707,1.0,0.17903751095134143,0.6270469271973469,108.57719583302969,46.47855769196758
7,5,0.0,0.9848403343678046,0.9673642406647313,0.9896831210507945,0.9644,0.3123273674515985,0.6478497642866681,17.70850111800246,46.82823701296002
7,50,0.0,0.981103222115756,0.9577877608226192,0.9832763795578517,0.9987571428571429,0.1836636285385632,0.6276070749552459,29.664398808963597,46.364373968041036
7,500,0.0,0.9801422493314074,0.9567887662142642,0.9817412545596479,0.9999142857142856,0.21144448605488528,0.633309706551039,68.91816171701066,47.422121785988566
7,1000,0.0,0.9800419690230683,0.9593558643078816,0.9808856644686483,1.0,0.2583832208148004,0.6433790779354205,108.5823348829872,46.68775184097467
8,5,0.0,0.9853457188621769,0.9680424881655535,0.9896508798977998,0.9657,0.23801187867293208,0.6334898411605726,18.459542825003155,46.893998718005605
8,50,0.0,0.9824143543612259,0.9542891123092545,0.9831744968880013,0.9983571428571429,0.17340499189864256,0.625058220907653,29.788450415013358,47.00575666001532
8,500,0.0,0.9800090113410466,0.9541150780143872,0.9813963612517992,0.9999142857142856,0.25405282144934266,0.6413389670534526,71.00535558804404,46.23203984601423
8,1000,0.0,0.9795985212304964,0.9585869685225177,0.9814042169717487,1.0,0.16218931756665206,0.6237941180695836,105.1774403169984,46.10139844100922
9,5,0.0,0.9852369878294696,0.9690755831414556,0.9896012732601599,0.9698857142857141,0.3018705930288533,0.6472935210050665,17.659892936993856,46.25381603301503
9,50,0.0,0.9821201164137694,0.9539555797091086,0.9837987214251246,0.9985142857142857,0.1933273844893541,0.6288237289802787,29.85407588997623,47.158033557003364
9,500,0.0,0.9802104729488151,0.9572830156028774,0.980429347377605,0.9999142857142856,0.23086589460432055,0.6375688642985388,73.11354981700424,47.054467055015266
9,1000,0.0,0.980308038842727,0.9554450195214736,0.9814524805485817,1.0,0.1415515473304993,0.6191704250292237,110.04043653502595,46.70241572300438
10,5,0.0,0.9855978504926848,0.9646801310012443,0.9896339084654421,0.9670714285714286,0.27697921972703154,0.6409389442653894,18.372125592955854,47.3428700780496
10,50,0.0,0.9825832515767344,0.9534043147462209,0.9834947394256144,0.9983714285714286,0.16819161813750066,0.623811174721254,30.910063182003796,46.5248861379805
10,500,0.0,0.9798451339330406,0.9545667205354461,0.9816922978154058,0.9998857142857143,0.23705396931955267,0.6379318480516696,72.0965152370045,47.09915599197848
10,1000,0.0,0.9804310999242023,0.9554128713012886,0.9809779903011555,1.0,0.15735486679995503,0.6224441695448582,109.47681782901054,46.93654799100477
50,5,0.0,0.9867771863335383,0.9703062268495345,0.9896813733735319,0.968757142857143,0.29283819613801765,0.6457994757609403,19.394354551972356,46.18495038698893
50,50,0.0,0.9834673183358837,0.9620883328804543,0.983753451743667,0.9983571428571427,0.19474524796163412,0.6309809180582895,31.80630277498858,47.98147943499498
50,500,0.0,0.9814203538177709,0.955805385924517,0.9808560687403294,0.9999142857142856,0.2366814876689364,0.6385930888770361,77.57284783700015,45.96420515101636
50,1000,0.0,0.980771018119932,0.9572916551063313,0.9808408865313561,0.9999142857142856,0.20280600290678755,0.631988415063196,111.20293846097775,46.363183056004345
100,5,0.0,0.9857388770504698,0.9665067817456345,0.9898884777189721,0.9676714285714286,0.3353432715581606,0.6530743762413445,22.697890862007625,48.457109846989624
100,50,0.0,0.983898824421149,0.9603361397537291,0.9838570024137875,0.9982714285714286,0.2111675013765268,0.6339633783418092,38.85750002099667,47.70315694302553
100,500,0.0,0.9815173962787638,0.956779719119603,0.981197921384994,0.9999,0.1772916793703042,0.6268581746767355,82.44698312802939,46.472812653984874
100,1000,0.0,0.9809222029947228,0.9568475422965261,0.9812154659868425,0.9999142857142856,0.20118774637033252,0.631531262277805,117.82792223599972,47.054951787984464
200,5,0.0,0.9854030075940677,0.969089446963088,0.9898257779882765,0.9664,0.2887719479624903,0.643967724906274,34.559691231988836,48.834020150010474
200,50,0.0,0.9838794102083721,0.9598083263017891,0.9836995480869951,0.9986714285714287,0.19084617310576002,0.6299011580200711,53.624713469005655,47.910692285047844
200,500,0.0,0.9815317005849291,0.9543215665803813,0.9811891477814234,0.9998714285714286,0.24937539194885472,0.6407821879808342,103.15823840897065,48.304091626021545
200,1000,0.0,0.9815044549003904,0.9563998097907699,0.9810907752165954,0.9999142857142856,0.22092127804720346,0.6355298106472108,142.93633623694768,48.86478947097203
1,5,0.1,0.905006201106932,0.9392968322297385,0.9869515725652147,0.9555571428571429,0.1800460171391577,0.5985909241535512,18.309710344998166,47.556584007979836
1,50,0.1,0.8956606610128284,0.9561753485977432,0.9802794958834735,0.9974,0.1960350880954842,0.6129983203645164,29.798777684976812,47.37062852503732
1,500,0.1,0.8916318321582312,0.9521258427126983,0.9756747108827084,0.9995571428571429,0.14020025046273513,0.6015680714616198,69.2269847089774,47.54621426801896
1,1000,0.1,0.891653986528038,0.9448216595397795,0.977673824467077,0.9998285714285714,0.08968858429904437,0.5896637954656713,109.20733384496998,46.737868533004075
2,5,0.1,0.9690441299715401,0.9666555568267952,0.9892720980574352,0.9628714285714286,0.26634473970479766,0.6351287514034252,18.442193550989032,47.587557434046175
2,50,0.1,0.9585484304163151,0.9573220499692519,0.9851010039985676,0.9983,0.19254380994310033,0.62432265726602,29.829220234998502,46.40120088600088
2,500,0.1,0.9534354733063513,0.9546889263904581,0.9808297687246946,0.9998714285714286,0.17650045664491498,0.6207333032376918,70.03531869198196,47.73508276598295
2,1000,0.1,0.952167331207185,0.9557543311928836,0.9791262328464096,0.9999142857142856,0.18701364584742608,0.6231446722230741,110.31505353696411,46.65668450697558
3,5,0.1,0.9827806286915607,0.9662214335769346,0.9897486483349784,0.9667,0.24867696339453074,0.6349260754656096,17.541199224011507,46.67401224299101
3,50,0.1,0.9807495773922743,0.9597987500536305,0.9838452516157308,0.9984428571428573,0.16543086823444972,0.6241153602414963,29.45373180898605,46.829945490986574
3,500,0.1,0.977163045063856,0.9579560931310156,0.9819828140971841,0.9999142857142856,0.1411810589797344,0.6188463337583415,72.0282246620045,45.92365926702041
3,1000,0.1,0.9751722380332651,0.9589381390958626,0.9823299048239417,1.0,0.21413332255101442,0.6331827589712401,106.57528467196971,46.91602662502555
4,5,0.1,0.9865846173648156,0.9681926690788438,0.9901214633469574,0.9659571428571427,0.22836173206524155,0.6317949396038173,18.753253088041674,46.393935387954116
4,50,0.1,0.9841515581425282,0.9599742860003146,0.9840912998523647,0.9985428571428573,0.1203447380186949,0.6157844278904061,29.145227749017067,46.06693739898037
4,500,0.1,0.9809178353331521,0.9546431088483046,0.9828913704852766,0.9999142857142856,0.11570982982982628,0.6136587378480585,70.09687423397554,47.370129634975456
4,1000,0.1,0.9813062225591007,0.9542864708322012,0.9825127864087807,1.0,0.25856772972786457,0.6423295273420773,108.2171602610033,46.89398268802324
5,5,0.1,0.9855820059207986,0.9689291806701658,0.9901665015961492,0.9681285714285713,0.2533396080943891,0.6371625729035552,18.455711138027254,46.80186240299372
5,50,0.1,0.9848301402971841,0.9651563319651617,0.9839770891614765,0.9984,0.18730825030667822,0.6303435266815095,30.39299901202321,46.43427179194987
5,500,0.1,0.9821980693048067,0.9601414927849206,0.9840320458375085,0.9998714285714286,0.15507773024207366,0.6226513350131443,70.4372374949744,46.16023234202294
5,1000,0.1,0.9827244211489782,0.9633030948328876,0.9792054104437072,1.0,0.1519714177301466,0.623758704653661,107.60758965101559,46.36229998001363
6,5,0.1,0.9863390329362298,0.9689410723224118,0.990110125624998,0.9666428571428572,0.26035464633675315,0.6384334966226508,18.56636353896465,46.73048234498128
6,50,0.1,0.9850910830484962,0.9635128841725898,0.9842775775979985,0.9985428571428573,0.2050043484983065,0.6335747190528503,31.383423451974522,45.940250119019765
6,500,0.1,0.9835367218225762,0.959752845272657,0.9821821975773336,0.9998857142857143,0.16847151814770664,0.6258929203902642,69.41704220103566,46.464676011994015
6,1000,0.1,0.9827267308324872,0.9594157187191625,0.9815538566541907,1.0,0.19650271358817867,0.6314182612971275,109.81332026195014,46.85876345803263
7,5,0.1,0.9867620611243797,0.9700646811492641,0.9902668654220983,0.9663714285714287,0.2868970629728049,0.6439656736791558,18.622080446977634,46.93605571001535
7,50,0.1,0.9852482802511334,0.9604689487007136,0.9835440416540859,0.9985857142857143,0.11083471732859933,0.6143187237824149,30.363135442021303,46.446253444999456
7,500,0.1,0.9837105616177796,0.9547227664716903,0.9805839705586061,0.9999142857142856,0.2427092999296181,0.6400945886349536,72.30629554996267,46.56722604599781
7,1000,0.1,0.9838905567552879,0.9557444975186992,0.9810370266335462,1.0,0.25024653302802513,0.6417689121336932,108.20213049597805,45.90669582400005
8,5,0.1,0.986935484747508,0.9693948057148578,0.9901155602400726,0.9705285714285714,0.2885764066200591,0.6450639416541848,18.532544796005823,46.79919950402109
8,50,0.1,0.9853063069376314,0.9572047194771391,0.983795678313251,0.9988142857142857,0.1606372095532356,0.6236333686738083,30.744274075026624,45.97149082599208
8,500,0.1,0.9841221958439998,0.9573028273958497,0.9810417235060805,0.9999142857142856,0.2510366220670245,0.6422668415030159,72.29915118502686,46.4543125309865
8,1000,0.1,0.9839617951174864,0.9545533801467329,0.9800766049541966,1.0,0.17763220670193192,0.627214155402391,107.24490779195912,46.65259963000426
9,5,0.1,0.9867745605880754,0.9683451468043419,0.990170562825853,0.970542857142857,0.309403529462349,0.6489791062343542,18.575837238982785,47.42285150196403
9,50,0.1,0.985904667991934,0.9619087882384909,0.984324071382137,0.9985857142857143,0.17150117629677067,0.6267152550861547,30.718173448985908,46.67454750702018
9,500,0.1,0.9843395535088597,0.955013057220085,0.9805085976521303,0.9998714285714286,0.19760172717808047,0.6312634337652647,73.64643757697195,46.518940241017845
9,1000,0.1,0.9842614747650987,0.9466107589777326,0.9815997539671272,1.0,0.09236327626072875,0.6083271512072866,108.09574701602105,47.13301205600146
10,5,0.1,0.9868936086838379,0.9606564163436924,0.9902451315906484,0.9669,0.26049448082079296,0.636939874851535,18.250340970989782,46.84122013597516
10,50,0.1,0.985392866438797,0.9610748509074267,0.9844186257515984,0.9985,0.19248541700458477,0.630606901719842,30.3680041419575,46.83690833597211
10,500,0.1,0.984744446033494,0.955087653561775,0.9814891670843721,0.9998857142857143,0.2588273661653523,0.6434112025923927,74.14055757800816,45.87674160901224
10,1000,0.1,0.9846239878151681,0.9513871358494344,0.9811011996244806,1.0,0.09296265765277274,0.609574516338579,108.26210771000478,46.66162103199167
50,5,0.1,0.9871218182858287,0.966258695994165,0.9902797644251355,0.9683285714285714,0.378241464676992,0.6619341571920844,19.43686361698201,47.231834437989164
50,50,0.1,0.9862339130186062,0.9566792114182744,0.9844552727314279,0.9986,0.15342623965551638,0.622096818272194,33.81551247398602,47.152810571016744
50,500,0.1,0.9851032893325515,0.9540036511591322,0.9811207533808006,0.9998857142857143,0.2046568007683393,0.6325057404329874,78.45289385097567,47.07865096197929
50,1000,0.1,0.9852646997411438,0.9596980063784448,0.9812246343151285,0.9999142857142856,0.3019116856890571,0.6531128086415606,114.91505498799961,46.819390550022945
100,5,0.1,0.987026221701014,0.9680315046551207,0.9902653927662706,0.9676285714285715,0.2605082748738745,0.6385858359784621,21.693574341014028,48.05862986203283
100,50,0.1,0.9862194456759579,0.9586674713613547,0.9842798460884881,0.9982714285714286,0.20478158154359116,0.6327320162127689,42.05757527099922,47.187323404999916
100,500,0.1,0.9854823706076684,0.9551709265906784,0.9810049224135783,0.9999142857142856,0.23898113410061225,0.6397087589199333,84.62208996299887,47.38145984598668
100,1000,0.1,0.9853066330105974,0.9553583298771506,0.9802411619874247,0.9998857142857143,0.215018177509626,0.6350655385391327,123.14144387998385,46.83655613998417
200,5,0.1,0.9873626303219255,0.9685086924188036,0.9903583043694338,0.9678142857142857,0.2662099879945697,0.6399074584160301,36.97987166501116,48.39310511096846
200,50,0.1,0.9862620296611988,0.9550688757633397,0.9841840836323366,0.9985571428571429,0.15788218344348837,0.6227172296185667,52.14462248503696,47.901967756974045
200,500,0.1,0.9854093016603979,0.9547182128913233,0.9813594897992097,0.9999,0.23919802630740844,0.639573210211984,100.80991315899882,47.49234725598944
200,1000,0.1,0.9850210216952934,0.9571107661284556,0.980582338190777,0.9999142857142856,0.18149255302757195,0.6285912576749659,140.94342187198345,47.04788957699202
1,5,0.25,0.8902983510432905,0.944152183115713,0.985167339332278,0.9493571428571429,0.23135233117236326,0.6059985337712464,18.2303860320244,47.13254068995593
1,50,0.25,0.8923121733907298,0.9560063226692218,0.9787125442603257,0.9976857142857143,0.19971604941978038,0.6134015431010242,29.162844598991796,46.301392402965575
1,500,0.25,0.8885746177938589,0.9515688872044964,0.9758884511873199,0.9996571428571428,0.19421264116164205,0.6116249675659642,70.4997543360223,47.144257359963376
1,1000,0.25,0.8890598572715702,0.9538953620411024,0.975358099443729,0.9998428571428573,0.17765273081586855,0.6090185415655339,108.69919567496981,47.37138479901478
2,5,0.25,0.9618682636614562,0.9674938990031893,0.9896703872994509,0.9671857142857143,0.2750853856951463,0.6363925750692111,18.022168038005475,47.17196098394925
2,50,0.25,0.9562487722208716,0.9584559472562676,0.9839737659421924,0.998157142857143,0.23084177539220813,0.6319459743568596,30.341237409971654,46.05787881597644
2,500,0.25,0.9512683809333123,0.9528580152453413,0.977883734042303,0.9999,0.15712455694085117,0.6166534438154404,69.37228577700444,47.26851982495282
2,1000,0.25,0.9503823605966564,0.9527812536647455,0.9786571226620577,0.9999,0.09306570168930416,0.6034944386577297,109.30170658300631,46.831511785974726
3,5,0.25,0.9827934442172104,0.9675024198046422,0.9903906202793207,0.9637142857142856,0.2526747308828681,0.6352588520679372,18.930905168992467,47.520829907036386
3,50,0.25,0.9805441428428414,0.9559350414026858,0.9845864895871546,0.9981142857142857,0.1346464308394368,0.616930682242419,29.788847028976306,46.962510514014866
3,500,0.25,0.9775700785149378,0.9528916136321383,0.9798467426965178,0.9999142857142856,0.12507988926437172,0.6151218248858432,72.91460860602092,46.64354410703527
3,1000,0.25,0.9761747236245585,0.9584580209659197,0.9788621511198878,0.9999142857142856,0.1530886222034305,0.6217547002776613,108.6800451290328,46.05933646799531
4,5,0.25,0.9877844886518027,0.9693559787194486,0.9906034202274591,0.9673428571428573,0.2543589944882371,0.6376477797549773,17.854024166008458,46.515552845958155
4,50,0.25,0.986253920741387,0.9596122391773808,0.9841102921130722,0.9982142857142857,0.10808836439883009,0.6136117035837623,29.874496193951927,47.00687196396757
4,500,0.25,0.9836865366188522,0.9633432075282811,0.9813960547349623,0.9999,0.2055976347041736,0.634226264823269,71.73163746803766,46.55248050199589
4,1000,0.25,0.9825798149392904,0.9595303019035224,0.9801834748143083,1.0,0.24477251228175725,0.6413398308620524,107.75721102399984,47.17576645797817
5,5,0.25,0.9881020193641578,0.9707437724353932,0.9907277378717695,0.9672857142857145,0.25355136347453117,0.6377910263376054,17.861924519005697,46.92366117000347
5,50,0.25,0.9880194127826323,0.9613842569683795,0.984710433532163,0.9980714285714284,0.1193115775820029,0.6164152484744561,29.802103969966993,47.20310842501931
5,500,0.25,0.9871504411996053,0.9633294509674928,0.9791118644107079,0.9999142857142856,0.16419977712920225,0.6270964181199756,72.38245597103378,46.77373924001586
5,1000,0.25,0.9870443173204811,0.9563136435793659,0.9823645696990184,1.0,0.0405219190746847,0.6003030620551026,106.68173929897603,46.92764159000944
6,5,0.25,0.9885573073237705,0.9701978876764441,0.9908500365123173,0.9667142857142856,0.2331872705029237,0.6335613429410214,18.53912201797357,46.237869395990856
6,50,0.25,0.988211173719663,0.9607854025141942,0.9837694295663684,0.9982857142857143,0.14075820360035152,0.620854212910711,28.92919652996352,47.37035064998781
6,500,0.25,0.9877488308567997,0.9592061095776783,0.9805476358310042,0.9999142857142856,0.20625481489492745,0.6345152810425374,73.05437341699144,46.35524671000894
6,1000,0.25,0.9877501337185189,0.9590521888362914,0.9781542415728103,1.0,0.22717650709002868,0.6391649176144059,107.25857608602382,47.13828501198441
7,5,0.25,0.988874135835133,0.970585073580939,0.9908590896405307,0.9682,0.253922722177466,0.6381445683906015,18.597805719007738,46.627262534049805
7,50,0.25,0.9884382849706105,0.9596251276404044,0.984356663160855,0.9981285714285716,0.14758031454019072,0.6218831270837845,29.75980061298469,46.700406835007016
7,500,0.25,0.9882653490267866,0.9548253064084778,0.9817725285832222,0.9999142857142856,0.26665758836076064,0.6455780001854178,74.14920395298395,46.27914087299723
7,1000,0.25,0.9873651073323513,0.956755259356721,0.9802039497212767,1.0,0.27156168347761694,0.6470956200890825,107.26917762000812,46.582781158038415
8,5,0.25,0.9890243782446405,0.970039271770376,0.9909499105580617,0.9691714285714286,0.27157482341112693,0.6417719982879021,18.270833118003793,45.91805535502499
8,50,0.25,0.9883395091743775,0.9544024798707149,0.9843953401874552,0.9983714285714286,0.1056932338242971,0.6124822622506727,30.451298467989545,47.0460844009649
8,500,0.25,0.988050209516182,0.9568551091915393,0.9794729801163217,0.9998714285714286,0.1974245146407978,0.6325456563607252,74.15656296798261,46.58598333597183
8,1000,0.25,0.9882591336184088,0.9563219398481186,0.9785965824234624,1.0,0.2312608558351342,0.6394490693756398,106.91809925099369,46.656551591993775
9,5,0.25,0.9887960585215165,0.9702787351801268,0.9906808932331665,0.9691857142857143,0.27471380916788574,0.6424586847844154,18.29424584499793,46.52005140599795
9,50,0.25,0.9884090699769746,0.9422437266707664,0.9850560074441893,0.9983,0.12470407406262965,0.6137201726532363,30.23392840602901,47.327788806986064
9,500,0.25,0.9884000400440485,0.9514954907541152,0.9798299979369615,0.9999142857142856,0.18408765635226404,0.6288134949855504,74.30876171798445,46.83853047300363
9,1000,0.25,0.9882646167927578,0.9498064270697768,0.980410863854652,1.0,0.16234356920488913,0.6240007498425544,110.42018216301221,46.78211759502301
10,5,0.25,0.988849661770805,0.9657359466842098,0.9908427894409362,0.9707428571428572,0.19417724774210912,0.6257325847798091,18.408724248991348,46.46462360396981
10,50,0.25,0.988680683037055,0.9584419861848033,0.9842474695809995,0.9983428571428572,0.2378870865142213,0.6398210286595876,32.35148468497209,46.779236706963275
10,500,0.25,0.9882877694034867,0.9562830284741788,0.9796150479487737,0.9999,0.203264480191081,0.6336240460239946,74.64376155298669,46.112619513995014
10,1000,0.25,0.9883256768159261,0.9550344035581997,0.9785648954652281,1.0,0.14960668126711063,0.6228803732352017,108.9062594010029,46.67350669199368
50,5,0.25,0.9893201235644924,0.9694828168127798,0.9910458130458755,0.9696857142857143,0.33771930344603673,0.6550324290126296,19.31423066498246,47.43020597100258
50,50,0.25,0.9889377601075469,0.9558292893611544,0.9850339391096784,0.9985571428571429,0.1329802065512202,0.6182540919534771,34.62049856898375,46.4523127960274
50,500,0.25,0.9888604565021524,0.9569970095676673,0.9795924790278142,0.9999142857142856,0.23115427674128972,0.6394667098995162,76.729608980997,46.08903052198002
50,1000,0.25,0.9886339730846788,0.9561816498147963,0.9787859562663006,0.9999142857142856,0.199674425002105,0.6331236754699131,112.33570789400255,47.07126045500627
100,5,0.25,0.9895223073952777,0.9710009624873075,0.9910977555137657,0.9676857142857143,0.38315369355986806,0.6640529844428804,22.673441767983604,46.66417571500642
100,50,0.25,0.9889807159303806,0.9549307867225376,0.9846351198245562,0.9986,0.16839191293382297,0.625253659152437,38.39990405202843,48.12136960000498
100,500,0.25,0.9888178725169114,0.9548285199433663,0.9801671071768588,0.9999142857142856,0.19762490209676942,0.6322036946188949,82.72109584300779,47.205319516011514
100,1000,0.25,0.9883772492599002,0.9589085980292608,0.9799370091036896,0.9999142857142856,0.2734821420870904,0.6481490531973696,119.78236294997623,47.45655252202414
200,5,0.25,0.9897523032478583,0.9709755831414556,0.9909125022773361,0.9678714285714286,0.40843829783755603,0.6692250221041927,35.599693803000264,48.516125042981
200,50,0.25,0.9890516167784563,0.957479972255195,0.9846965855979564,0.9986571428571428,0.15940762332249794,0.6239799539230672,54.40781187399989,47.2540890800301
200,500,0.25,0.9886357092802083,0.9542597943452082,0.9799672214933921,0.9999142857142856,0.18346964661016885,0.6292624428912958,100.5682998119737,47.94421179400524
200,1000,0.25,0.9883219398481187,0.9549807330921156,0.9803970792631911,0.9999142857142856,0.2295352659062194,0.6384710290595097,140.5576629100251,47.801559892017394
1,5,0.5,0.8744988358623057,0.9504395577992935,0.9833444120951178,0.9322142857142857,0.2300504525065299,0.6007717439574595,17.3089943320374,47.99722122499952
1,50,0.5,0.8889510061067174,0.9550078443430631,0.9764076303683654,0.9974714285714287,0.17570011172183916,0.6081445520749367,30.01851612102473,46.873539940977935
1,500,0.5,0.8856221186161921,0.9542267079501737,0.9755373998665142,0.9994857142857143,0.2313967613850674,0.6190387804741269,71.57258822099539,46.44889860897092
1,1000,0.5,0.884870553322941,0.953599656765299,0.9681306674103256,0.9998,0.17503956726641515,0.6090358219888659,105.0385525689926,46.823442689026706
2,5,0.5,0.9558765298971726,0.9657721951289275,0.98959983629419,0.9673142857142857,0.26193580273576433,0.6322597954363921,17.79168127797311,47.11471738899127
2,50,0.5,0.9527845487178754,0.9577420476810206,0.9820195921948599,0.998057142857143,0.18209069715190898,0.6217309688426177,29.65189563599415,47.140402732999064
2,500,0.5,0.9494193198232341,0.9491833388155543,0.9720029072729149,0.9999,0.18238302571329806,0.6217765554158343,72.0287705869996,46.98107953200815
2,1000,0.5,0.9492081761366075,0.9543679561803698,0.9756867396290281,0.9998857142857143,0.18564087832222695,0.6226831970591781,107.8031418530154,46.82234353100648
3,5,0.5,0.9810611501222773,0.9679903994393834,0.9909146074972431,0.9698857142857141,0.23835552395577497,0.6332756360611814,18.263520020991564,46.711279427981935
3,50,0.5,0.9801128941836019,0.9608601261387526,0.9856216208427635,0.998157142857143,0.17718613706253494,0.6261389358798538,30.145049755985383,46.12598729599267
3,500,0.5,0.9766092430244697,0.9541580467085222,0.97591265269622,0.9997428571428573,0.224505078177456,0.6358205144714171,70.28434293699684,47.2986382250092
3,1000,0.5,0.9746219798921671,0.9522135134362084,0.9740555518691524,1.0,0.11423095014688842,0.6134021783212223,110.45812394400127,46.65856743697077
4,5,0.5,0.9883365115913219,0.9686039715115198,0.9914656838885187,0.9687428571428572,0.2756370362877071,0.6419709385289775,18.33063806197606,47.39746348495828
4,50,0.5,0.9872446276618566,0.9634460048910944,0.9852406718222572,0.9985428571428573,0.17901889407602367,0.628602342389915,30.21954691899009,46.035664474999066
4,500,0.5,0.9841617750954621,0.9537602620024884,0.9800688663955416,0.9999,0.13173579390776186,0.6178977929220342,69.59019721101504,45.83361875801347
4,1000,0.5,0.9834141312586703,0.9615912389342562,0.9773159382956847,1.0,0.14042156732778355,0.6216221998450051,104.15917520504445,46.74710766697535
5,5,0.5,0.9906866696222988,0.9716923001015403,0.99185160852707,0.9688285714285714,0.2679783666189091,0.64146685984885,18.099515128007624,47.22901577799348
5,50,0.5,0.9907279435950974,0.9602225791227493,0.9847109637728817,0.9985142857142857,0.08093540226795802,0.6091378493854418,31.433588761021383,46.60465633502463
5,500,0.5,0.989191226062955,0.9578387769403487,0.9765228854093461,0.9999142857142856,0.16753670445930322,0.6275916215535093,71.76761986699421,46.916159498970956
5,1000,0.5,0.9892066015474165,0.9528688257082791,0.979985026155655,0.9999142857142856,0.19845006917349908,0.6320909511975651,111.02018321701325,45.97725214500679
6,5,0.5,0.9910224160862663,0.9722227507400998,0.9915688804925038,0.9710285714285714,0.2960416953212937,0.6477493106167455,17.96326006599702,45.80941797996638
6,50,0.5,0.9913548503353689,0.9554020965919654,0.9832602167167739,0.9984,0.12146668630611498,0.6166726833033351,29.96033048402751,47.53537816100288
6,500,0.5,0.9908388255652647,0.9571382191839595,0.9774465134965905,0.9999,0.16187164209015886,0.6264604346685585,71.63023819494992,46.59378946298966
6,1000,0.5,0.9909238047566609,0.9502630665160248,0.9782637554644605,1.0,0.10775924720718003,0.6141364726030811,106.9066207940341,46.7671645610244
7,5,0.5,0.9911575647497962,0.9727727628963289,0.9915928404889922,0.9729,0.3395068464183372,0.6569488667150941,18.609072530991398,47.03858150000451
7,50,0.5,0.9915888377214936,0.9545693648727887,0.9842968611872625,0.998742857142857,0.12217716503778156,0.6165562727175318,29.37124596897047,46.50617782701738
7,500,0.5,0.9912743117429172,0.9573220513993965,0.9781274574756404,0.9999,0.1450079166464912,0.623075364462633,70.71525665704394,46.6478497729986
7,1000,0.5,0.9910458633067804,0.9552762023940621,0.9777857164711385,1.0,0.11393035161723515,0.616493340169388,110.63466049003182,45.72298689105082
8,5,0.5,0.9915034423580223,0.968995470732091,0.9917083378162179,0.9687,0.3019479874801084,0.6478877125508009,18.152524834033102,46.491987679037265
8,50,0.5,0.9915112638187721,0.9491038642506757,0.9840808742179846,0.9984571428571427,0.12560329188361996,0.6161189377184452,31.44972571497783,46.72135366097791
8,500,0.5,0.9912878852451983,0.9442220227965047,0.9781124572971253,0.9998857142857143,0.10762334589636212,0.6129813021853309,73.91093631502008,46.657540369953495
8,1000,0.5,0.99111279693377,0.9509811649957811,0.9770742575122927,1.0,0.21012400430758504,0.6350287417449687,107.05979379703058,46.63134045701008
9,5,0.5,0.9915039000042905,0.9701302775910644,0.9916740202542097,0.9697285714285714,0.3175545099421869,0.6514486477423809,18.128775546967518,46.45598557702033
9,50,0.5,0.9915892610442916,0.9506364715472735,0.9850352210653027,0.9986571428571429,0.09716609528725374,0.6106027499341319,31.06072662799852,46.30200528795831
9,500,0.5,0.991439958239778,0.9504947713913877,0.9772520088338117,0.9999142857142856,0.17154015526451663,0.6272274323552313,72.98357999196742,45.611806864035316
9,1000,0.5,0.9910962415800237,0.9497643722380332,0.975800633430826,1.0,0.1339842929448899,0.6198088546664242,109.17079741298221,46.82038408797234
10,5,0.5,0.9912183587660712,0.9678857557599073,0.9918178010627434,0.9696142857142857,0.3605449310617091,0.6594891060478459,18.63709423702676,47.96118479897268
10,50,0.5,0.9916711153697639,0.9525178339030076,0.9829530349211537,0.9983571428571429,0.10336298962457947,0.6125912093666681,31.425643522001337,46.449727084022015
10,500,0.5,0.9913460149021066,0.9515120675600304,0.9772312703500659,0.9999142857142856,0.11387041317991972,0.6158823022012553,72.0264024779899,46.08332406799309
10,1000,0.5,0.9909484532986285,0.9471438539536348,0.9763805496204446,1.0,0.11178763732907833,0.6146998789921795,108.18090807500994,46.17054995696526
50,5,0.5,0.9909623543040201,0.968897610228394,0.9918704893653508,0.9680142857142857,0.30090806513401086,0.647382365203072,20.001570258988068,47.097818870970514
50,50,0.5,0.9918441657251548,0.9513890465226035,0.984111564843882,0.9985857142857143,0.11761238421152823,0.6150639491802239,34.116609122022055,46.96657526300987
50,500,0.5,0.9912994579752012,0.955362867725927,0.9763033155089061,0.9999142857142856,0.20608808089221162,0.6352722753597438,76.8171331009944,46.65548637800384
50,1000,0.5,0.9912992177109106,0.9523533243710939,0.9755034284323412,0.9999142857142856,0.1779725795979777,0.6292071957923854,114.3501949699712,46.99002259899862
100,5,0.5,0.991631510375699,0.9692378502066559,0.992171395022121,0.9687285714285716,0.304201325058192,0.6483255724093995,23.555313016986474,47.93105806899257
100,50,0.5,0.9916673140454499,0.953334846903022,0.9842821684234779,0.9986714285714287,0.0961526067298464,0.6111088055652538,37.51303607097361,46.734687018964905
100,500,0.5,0.9914287001415844,0.9544870500407592,0.9768261728260264,0.9999,0.1259288133126052,0.6189836781337845,82.01251435599988,47.997784765961114
100,1000,0.5,0.9912927391559286,0.9570286014616077,0.9732384279381772,0.9999142857142856,0.20863575421673278,0.6367265905220756,121.43433760997141,47.65166598302312
200,5,0.5,0.9909479441671553,0.9724993979091286,0.9919909990550324,0.9675428571428573,0.31068661385370827,0.6499371628035635,35.21766333898995,48.00058779801475
200,50,0.5,0.9915546086409336,0.9527062883457518,0.9839639306057826,0.9985428571428573,0.12413509864790853,0.6165949844343337,54.150797014997806,48.49093074700795
200,500,0.5,0.9914960256281911,0.955169117457775,0.9750398088470985,0.9999,0.20181486983830824,0.6346680408154352,102.97359179798514,48.58946194296004
200,1000,0.5,0.9912404073051786,0.9536234958454299,0.9742315332843011,0.9999142857142856,0.14124241240696594,0.6223578135975119,143.6197908539907,48.47729084797902
1,5,0.75,0.866465160247701,0.9494007565464868,0.9812247269071844,0.9314142857142859,0.1795634383456764,0.5891237827893931,18.076341426,47.241795948008075
1,50,0.75,0.8874670737811593,0.9522346667048038,0.9745979244503936,0.9974857142857143,0.19819426798318815,0.6121567596608943,31.48886565299472,46.943234137957916
1,500,0.75,0.8847233170773565,0.9531742516768446,0.9669638530289866,0.9997571428571428,0.17716833542384058,0.6095718388012396,71.1249356160406,47.01701866398798
1,1000,0.75,0.8832618308711011,0.9510363571357064,0.9714284294565143,0.9992285714285714,0.15440144732277286,0.6032999554603276,106.71434882999165,47.47687096201116
2,5,0.75,0.9503651402256769,0.9667379860703917,0.9890618722626247,0.9673285714285714,0.28012770332009046,0.6350995057564212,18.24630395503482,48.60888893000083
2,50,0.75,0.9510497161162994,0.9541976116585387,0.9827306257935327,0.998,0.13248333177685725,0.6106000067516325,30.84502250200603,47.43118738697376
2,500,0.75,0.9477575318564707,0.9497739985412526,0.9739942204705677,0.9998285714285714,0.18016804645776555,0.6207067855626986,72.9471141009708,46.42211997101549
2,1000,0.75,0.9464048524805858,0.9521926504869642,0.9627151157829829,0.9998857142857143,0.20324395602938436,0.6278024114999332,108.19808270799695,46.10640671895817
3,5,0.75,0.9794602720135006,0.9696471432861863,0.9913962010349,0.9670285714285716,0.31871392305375823,0.6486907417494233,16.826588811003603,46.38178818603046
3,50,0.75,0.9789810849076842,0.9538613260300617,0.9850423673636989,0.9985285714285714,0.13300555030578998,0.6158668330616818,28.839842054003384,47.623035932017956
3,500,0.75,0.9754455172117901,0.9525288345751756,0.9671875646318745,0.9998714285714286,0.14380031840326954,0.620891706825958,73.7664260980091,46.11396892898483
3,1000,0.75,0.9728382320552608,0.9487581267966192,0.9629972246126667,0.9999,0.08116256763418642,0.6079323403746799,107.18913765903562,46.337109498970676
4,5,0.75,0.9878457446047796,0.9727921756789611,0.9918055303613407,0.9740428571428572,0.28291877773153357,0.6451588049593582,18.55709751904942,46.332798938965425
4,50,0.75,0.9878956437795862,0.9570570541881784,0.9823217002878241,0.9986714285714287,0.06513352312446255,0.6052871898751664,30.176766062970273,47.60796481301077
4,500,0.75,0.9839444174306022,0.9527030333366704,0.9756541394024822,0.9999,0.056396719203397686,0.6034580061136376,72.65447709697764,46.66704186197603
4,1000,0.75,0.9823036053945053,0.9546727428743046,0.9719363207794472,0.9999142857142856,0.2430126928009188,0.6415934012009133,106.62579284701496,46.023789367987774
5,5,0.75,0.9911761108648084,0.9711302718704861,0.9922613208606725,0.9703857142857145,0.28495900461183854,0.6450779561544351,17.59333525999682,47.28316702198936
5,50,0.75,0.9917830013014316,0.9544350428328304,0.9834559281261275,0.9987428571428573,0.1476163336512237,0.6218242613604432,29.57839459000388,46.868278174020816
5,500,0.75,0.9896641920398153,0.9505499277776983,0.9741689758466423,0.9999142857142856,0.0896447366058691,0.6111208332582052,71.21983349998482,46.37479368696222
5,1000,0.75,0.9891236202680092,0.9538757047037456,0.9696744236716379,0.9999142857142856,0.15300109957915,0.6252480573187106,109.11566380999284,47.13322146696737
6,5,0.75,0.9921729888591737,0.9742810763268166,0.99248801398948,0.9712428571428573,0.28236737965539177,0.645515257598952,18.46503338398179,46.25412450102158
6,50,0.75,0.9930716330821046,0.9563556898302419,0.9827290031461434,0.9983285714285713,0.14126465901722848,0.6212583100424006,29.038446446007583,46.25179579900578
6,500,0.75,0.9924767787423309,0.9540360696766443,0.9744361907855446,0.9999142857142856,0.23508813703765666,0.6414158160770747,70.70665632997407,46.219458995969035
6,1000,0.75,0.9921324127969338,0.9529211918824994,0.9721266038338119,0.9999142857142856,0.15931929909307177,0.6264321171305958,106.86957747704582,46.297339287004434
7,5,0.75,0.9930484804713756,0.9730319751726899,0.9923285691402106,0.9682714285714287,0.2388296203470433,0.6361705870844654,18.34181214304408,47.545365749974735
7,50,0.75,0.9932226863835933,0.9574400211661399,0.9813477168151451,0.9985428571428571,0.15074970056325376,0.6237215096881399,30.762210345012136,46.45622376300162
7,500,0.75,0.9930234772535503,0.9557012685382492,0.9713951011567721,0.9998714285714286,0.11958699772600018,0.6193576141864913,72.59053585701622,46.29334536299575
7,1000,0.75,0.992547556597972,0.9503952147362098,0.9661319543247879,0.9999142857142856,0.0905358901883448,0.6134521985824049,109.50398210401181,45.40541630901862
8,5,0.75,0.9922484819015203,0.9734999327832043,0.9926083653800497,0.9715857142857143,0.34001198934671806,0.6569475505874215,18.11241553997388,46.49865957995644
8,50,0.75,0.9932208486477982,0.9555693748838008,0.9812995749070355,0.9986571428571429,0.10379256545059638,0.6139880713864606,30.575684913957957,46.650543942989316
8,500,0.75,0.9929192368748481,0.9494017033022039,0.9725203360548519,0.9998857142857143,0.1348580912112884,0.6209088819238406,74.09782927198103,46.565242892014794
8,1000,0.75,0.9926751612488023,0.952704945439984,0.9732248696050014,0.9999142857142856,0.08547751272702059,0.6115094071050182,109.62343555502594,46.54839135502698
9,5,0.75,0.9927430673741116,0.9718208987028588,0.9925945256903542,0.9693571428571429,0.3678233840936756,0.6618299934674869,17.71624411799712,46.930195684952196
9,50,0.75,0.9932080617250404,0.9515848461879496,0.9810552959031404,0.9982428571428572,0.1126656280550473,0.6149292194415508,31.275551948987413,46.751626807963476
9,500,0.75,0.9930903565350457,0.9483950188064013,0.9743717545957937,0.9999142857142856,0.14878063611915546,0.623161708515819,73.24015162698925,46.592529037967324
9,1000,0.75,0.9927316033350971,0.9494390315060852,0.966487095809397,0.9999142857142856,0.10691034871401232,0.6165016346920167,112.20515752997017,46.21879438700853
10,5,0.75,0.9924417959755731,0.9706078729459549,0.992714411607501,0.972957142857143,0.3761724683373376,0.6638929737017016,18.460925100021996,46.22523054998601
10,50,0.75,0.9933914262831972,0.952033323799036,0.9807643630978335,0.9987857142857142,0.16988069493350116,0.626665359240723,30.986830748035572,46.6408911269973
10,500,0.75,0.9930694649829098,0.9509648556269039,0.9717014638718942,0.9998857142857143,0.16271307437148147,0.6269863290790231,71.85812799399719,46.52749482996296
10,1000,0.75,0.9929708565135935,0.9506265635055704,0.9689770746094319,0.9999142857142856,0.12994973708298127,0.6208968736413998,111.31895194895333,46.35404312895844
50,5,0.75,0.9926099480857514,0.9731729917194628,0.9928003706023931,0.9694142857142857,0.32654687312775577,0.6537887456089726,19.50746607000474,46.60125616902951
50,50,0.75,0.993439802354018,0.9528330506414199,0.980828153945274,0.9982714285714286,0.15556012464419713,0.6238552504531579,34.54355013300665,46.98390717600705
50,500,0.75,0.9931732906196816,0.9504588847732506,0.9720244875231062,0.9999142857142856,0.17216130454913547,0.6287366556266495,81.42672268894967,50.40170448797289
50,1000,0.75,0.9927282081718461,0.9513570069934071,0.9667852982532629,0.9999142857142856,0.1762768750653149,0.6306982155383182,119.98074825899675,49.42419096303638
100,5,0.75,0.9924204024426869,0.9731283340245699,0.9927628150837866,0.9731285714285716,0.42180511702383156,0.6735439219671747,23.91900520096533,50.260130058042705
100,50,0.75,0.9935371108219041,0.9512381605480315,0.982503211190093,0.9982571428571427,0.07197963098412836,0.6065017668042227,39.833655406022444,51.30528755893465
100,500,0.75,0.992972699969967,0.9519691746635585,0.9710344605541364,0.9999142857142856,0.13748471727712963,0.622261283414161,87.92769781698007,50.34441793698352
100,1000,0.75,0.9929027558886203,0.9569881398109349,0.9695863096767521,0.9999142857142856,0.1640862429603693,0.6288610229394918,130.07413538498804,50.488995478022844
200,5,0.75,0.9927866052657923,0.9721913976803055,0.992887611615988,0.9714428571428573,0.4564215752330132,0.679990964741196,39.35404916398693,51.27295071689878
200,50,0.75,0.9934402485591294,0.9519754058035268,0.9826997164653793,0.9987,0.12770065498221966,0.6178233185758993,55.60393525508698,51.87841123598628
200,500,0.75,0.9930660912718275,0.947902399782618,0.9723649321277532,0.9999142857142856,0.1511938656083188,0.6239423420498594,109.61604456498753,51.187281984020956
200,1000,0.75,0.9929550305335869,0.9497987958182572,0.968009879253437,0.9999142857142856,0.16817313616696433,0.6285662737959314,149.42556961195078,53.285460492013954
1,5,0.99,0.8632283182929794,0.9513506070963774,0.9775661972060723,0.9289714285714287,0.29299709126194384,0.6117962496033315,25.276388578000024,55.02120734499999
1,50,0.99,0.8858394247958469,0.9558855369477854,0.971052121761321,0.997942857142857,0.17972081169091547,0.6096673017632168,31.517996661000097,69.42636379700002
1,500,0.99,0.883511499792629,0.9544083448936688,0.9685924496121863,0.999842857142857,0.13550010937643234,0.6009340723186802,87.85500733599997,69.10460241400006
1,1000,0.99,0.880671361354633,0.9503776525606739,0.9692153137282907,0.9996285714285714,0.2003257052861537,0.6123575953803484,137.034381122,67.43811285700008
2,5,0.99,0.9493137165167398,0.9662374697881956,0.9885928110464147,0.9630285714285713,0.24316629388888975,0.6266306481151963,11.795916884999997,67.54849769799989
2,50,0.99,0.9500536361426141,0.9581612502323985,0.9821552764129721,0.9983428571428571,0.1838199390705821,0.621644481235096,32.12732519499991,69.449914326
2,500,0.99,0.9463944910830485,0.9550354075197003,0.9726084062312496,0.9998857142857143,0.22320785195701812,0.6303830117228464,92.51359424599991,73.53812662300015
2,1000,0.99,0.9442995852580696,0.9502879238591022,0.9626634895304628,0.9999142857142856,0.0996931221748695,0.6063062854951728,150.02716347299997,71.94730256100001
3,5,0.99,0.9778280880397008,0.9723224833030619,0.9913192644771788,0.9695,0.2828413550084121,0.6422345323747992,19.10455949800007,71.67464431299982
3,50,0.99,0.9782234758234057,0.960699861275975,0.9828202625454069,0.9984,0.16042999660222473,0.6229866142312397,39.10864411900002,67.14230640400001
3,500,0.99,0.9736613060080375,0.9474950531298715,0.9684590255160888,0.9999,0.11188137070039023,0.6128957408644422,96.54133306599988,74.42989170500005
3,1000,0.99,0.9706277004705176,0.9465279564663988,0.9655686659951648,1.0,0.05773290032628627,0.6018639782536076,154.2369476230001,72.00765567000008
4,5,0.99,0.9870739441957582,0.9742918810691761,0.9924659945198095,0.971,0.36557230386718303,0.6610944269224617,18.96845062400007,71.64955556500036
4,50,0.99,0.9874758791813852,0.9558435865165968,0.9815351495817863,0.9983142857142857,0.10555966974161668,0.6131316543144197,38.91940387399973,70.768721594
4,500,0.99,0.9831419432804657,0.9528374025713999,0.9606415612061245,0.9998571428571429,0.08097175056050845,0.6112333356126785,102.58182745299973,71.89019641100003
4,1000,0.99,0.9818049854840324,0.9487743489266764,0.9641138651461891,0.9999142857142856,0.08283870511927678,0.6098436920196164,158.1969516969998,71.07828667100011
5,5,0.99,0.9915188564563877,0.9769915464153426,0.9926563780490831,0.9700285714285714,0.32703212423678873,0.6545829440976015,19.848009991000254,70.34585286300035
5,50,0.99,0.9916828497061053,0.9533108948414685,0.9824960646476462,0.9984714285714287,0.14717605295518957,0.6216290322853092,41.03770260600004,71.7524505069996
5,500,0.99,0.9896378430559329,0.9511076412625317,0.9719279004244457,0.9998857142857143,0.17558935826182837,0.6288585312883123,109.45483517499997,73.91373780999993
5,1000,0.99,0.9819590935743604,0.9817237761537692,0.9934371169220779,0.9999142857142856,0.45489538751093195,0.6850110852062539,163.33160725000016,79.78614586499998
6,5,0.99,0.9925986141898946,0.9735079201407262,0.9927837238752838,0.9726857142857143,0.32554804658264364,0.654311314264739,19.295761979999952,72.26817506999987
6,50,0.99,0.9938843027330063,0.9531725826981108,0.9785441799738015,0.9987285714285714,0.1091730966783314,0.6152828747128437,40.71295139099993,70.46201497300035
6,500,0.99,0.9927914162721851,0.9550553966506014,0.9675867073902535,0.9999142857142856,0.07456816637101812,0.6109485115235674,68.26677104900045,47.44216906999918
6,1000,0.99,0.9922249531627647,0.9496565021523676,0.9620629504753101,0.9999142857142856,0.1536002064601685,0.6266665994028553,114.6674921190006,48.01446600500003
7,5,0.99,0.9931848747908414,0.9756192325844143,0.9929991790496319,0.9729142857142857,0.3248526999395784,0.6547143827958977,15.401700188999712,47.235532210999736
7,50,0.99,0.9944042375184131,0.9581693076670051,0.9824828558871729,0.9988714285714286,0.10200029327621642,0.6141924822291782,28.9122613669997,47.62617005099946
7,500,0.99,0.9938124479784907,0.9547465011512664,0.9684030790458539,0.9999142857142856,0.16559691363384058,0.6291334138864059,72.14575031099957,47.264900002000104
7,1000,0.99,0.993383669178954,0.953540440198504,0.9576385675502347,1.0,0.1577529256565496,0.6294076934967546,114.16382752699974,47.893230217000564
8,5,0.99,0.9939413211675701,0.977494881512521,0.9932286314182602,0.9711285714285713,0.3504931241842012,0.6599658533749208,16.794878916000016,48.97327459400003
8,50,0.99,0.9944810391430574,0.9499618895070292,0.9777185397799871,0.9982142857142857,0.11259444190645673,0.6155066232981684,28.255388026999753,48.167747523999424
8,500,0.99,0.993789870285886,0.9507929751297857,0.9668432989967053,0.9997857142857143,0.08125072002849006,0.6117551961466342,72.58979280699987,47.672524502999295
8,1000,0.99,0.9939217324771534,0.9590756646596971,0.9608403880966521,0.9999142857142856,0.20583612947576446,0.6395814848460497,108.68660782299958,47.75071765299981
9,5,0.99,0.9938666161348912,0.9734760550891696,0.9934435589275628,0.9725857142857143,0.3247297906128001,0.6542429234390026,15.842197928000132,48.128221981000024
9,50,0.99,0.9944474207342362,0.9500741529968679,0.9799897996044508,0.9988142857142857,0.0974836508299985,0.6121659421341875,29.355994038999597,47.49074090399972
9,500,0.99,0.9941254780258284,0.9563321367790284,0.9622131817735196,0.9998857142857143,0.16848741125969183,0.6313235117153488,72.32794254600049,47.13211791100002
9,1000,0.99,0.9939038699712541,0.9499330835347454,0.9629258285812913,0.9999142857142856,0.13210131866772054,0.622585345861343,111.47487104999982,47.889680999999655
10,5,0.99,0.9937860346381019,0.9739483932325558,0.9932341253697061,0.9724571428571429,0.34177686488431397,0.6577468620484818,16.05719936100013,48.968165715000396
10,50,0.99,0.9946671810420034,0.9513333638430845,0.9798939341474877,0.9984,0.11833055010769661,0.6165674321690594,31.536545656999806,47.98136651099958
10,500,0.99,0.9942289404058751,0.9506717188907798,0.968203993844604,0.9998857142857143,0.1504633776010344,0.62540915146776,72.90871253899968,47.91767831800007
10,1000,0.99,0.9939689701528824,0.9546053158474321,0.9662729932883684,0.9999142857142856,0.20175533691595582,0.6367941830684376,111.46603801099991,48.222538326000176
50,5,0.99,0.9936611358208315,0.9708094661270255,0.9936578499236792,0.9718,0.2188161860743306,0.6322857876197017,20.42724402307067,51.19949794502463
50,50,0.99,0.9944214035438983,0.9515544713470532,0.9783222162380631,0.9986714285714287,0.1502411160286441,0.6233132406505922,35.062017422984354,49.73160238203127
50,500,0.99,0.9942903879982267,0.947866245727443,0.9685342668266521,0.9999,0.12493454128073968,0.6196913816359516,80.02816090499982,49.524757939972915
50,1000,0.99,0.9940649585973141,0.9514787852351873,0.9603271987655746,0.9999142857142856,0.14192522290278167,0.6254112107367988,120.06248538207728,49.501445583067834
100,5,0.99,0.9939699798349613,0.9758404831028417,0.9935522873515741,0.9731,0.38535313341601346,0.6669422618004486,23.460461693932302,49.01540702895727
100,50,0.99,0.9945668993035196,0.9503285900204511,0.9781496660447265,0.9987857142857143,0.09785306694587427,0.6126769209021666,39.3642433390487,47.95635745301843
100,500,0.99,0.9942431803555339,0.9521186490854225,0.9645236954992178,0.9998857142857143,0.1203016030736862,0.6204050902602278,84.23008754604962,48.06266565201804
100,1000,0.99,0.9941628176708666,0.955705573273458,0.9630391181000548,0.9999142857142856,0.20788399236671368,0.6389255101850537,121.35340635490138,47.97234598209616
200,5,0.99,0.9936183544756375,0.9741027873518012,0.9935525502257749,0.9696285714285714,0.36466967749805507,0.661693368105658,35.49964177189395,49.74838346708566
200,50,0.99,0.9945626975387212,0.9518964932854712,0.9795662314853402,0.9987,0.13980403413982218,0.621079398695735,52.771709293010645,49.374766270047985
200,500,0.99,0.9941639074410423,0.9542687713627848,0.9652493537826009,0.9998714285714286,0.13199181711007243,0.6230093141405455,102.61103936901782,48.88601216103416
200,1000,0.99,0.9939828797391417,0.9525489567095233,0.961858450629911,0.9999142857142856,0.13143585094084304,0.6232047044947766,142.48117934295442,49.103033418999985
